Date,Title,URL,Authors,Sponsors,Class
2014-01-24T12:46+0000,ODI Leeds News - January 2014,https://odileeds.org/blog/2014-01-24-leeds-node-news-january-2014,pconnell:Paul Connell,,c12-bg
2014-03-18T10:40+0000,We Have a New Home!,https://odileeds.org/blog/2014-03-18-we-have-a-new-home,pconnell:Paul Connell,,c12-bg
2014-07-17T13:38+0000,ODI Leeds News - Summer 2014,https://odileeds.org/blog/2014-07-17-odi-leeds-news-summer-2014-update,pconnell:Paul Connell,,c12-bg
2015-01-20T16:35+0000,Membership Update,https://odileeds.org/blog/2015-01-20-membership-update,pconnell:Paul Connell,,c12-bg
2015-02-02T14:40+0000,ODI Leeds Challenge Team,https://odileeds.org/blog/2015-02-02-odi-leeds-challenge-team,pconnell:Paul Connell;tforth:Thomas Forth,,c12-bg
2015-03-02T13:50+0000,"ODI Leeds Annual Report, 2014/15",https://odileeds.org/blog/2015-03-02-odi-leeds-annual-report-201415,pconnell:Paul Connell,,c12-bg
2015-04-02T15:44+0000,What are ODI Nodes? Creating a global network,https://odileeds.org/blog/2015-04-02-what-are-odi-nodes-creating-a-global-network,pconnell:Paul Connell,,c12-bg
2015-06-12T13:41+0000,Leeds GovJam 2015,https://odileeds.org/blog/2015-06-12-leeds-gov-jam-2015,:Liam Bolton,,c14-bg
2015-07-01T11:55+0000,"Review and Priority Session - Summer 2015, Part 1",https://odileeds.org/blog/2015-07-01-review-and-priority-session-summer-2015-part-1,pconnell:Paul Connell,,c12-bg
2015-07-16T11:04+0000,Blog - Data Diving with Yorkshire Water! #waterdata15,https://odileeds.org/blog/2015-07-16-blog-data-diving-with-yorkshire-water-waterdata15,:Liam Bolton,,c14-bg
2015-07-17T14:59+0000,"Blog - Nine Teams, Six Themes #waterdata15",https://odileeds.org/blog/2015-07-17-nine-teams-six-themes,tforth:Thomas Forth,,c13-bg
2015-09-28T11:14+0000,Open Day @ODILeeds &#038; Office Hours With ODI HQ,https://odileeds.org/blog/2015-09-28-open-day-odileeds-office-hours-with-odi-hq,pconnell:Paul Connell,,c12-bg
2015-09-30T15:11+0000,September @ ODI Leeds,https://odileeds.org/blog/2015-09-30-september-odi-leeds,pconnell:Paul Connell,,c12-bg
2015-10-02T15:34+0000,Offer to 3rd sector organisations; co-working space on Mondays,https://odileeds.org/blog/2015-10-02-offer-to-third-sector-organisations-use-our-co-working-space,pconnell:Paul Connell,,c12-bg
2015-10-23T15:01+0000,ODI Leeds Open Day &#038; Office Hours with ODI HQ,https://odileeds.org/blog/2015-10-23-odi-leeds-open-day-office-hours-with-odi-hq,pconnell:Paul Connell,,c12-bg
2015-12-08T15:42+0000,ODI Leeds works with DataCity on IoT UK Boost,https://odileeds.org/blog/2015-12-08-279,pconnell:Paul Connell,,c12-bg
2016-01-07T12:54+0000,ODI Leeds &#038; ODI HQ 2015 &#038; 2016,https://odileeds.org/blog/2016-01-07-odi-leeds-odi-hq-2015-2016,pconnell:Paul Connell,,c12-bg
2016-01-19T12:40+0000,#FloodHack16,https://odileeds.org/blog/2016-01-19-floodhack16,pconnell:Paul Connell,,c12-bg
2016-03-23T17:02+0000,Smart Cities Training @ODILeeds,https://odileeds.org/blog/2016-03-23-smart-cities-training-odileeds,pconnell:Paul Connell,,c12-bg
2016-03-24T18:02+0000,#FloodHack16 - where next?,https://odileeds.org/blog/2016-03-24-floodhack16-where-next,tforth:Thomas Forth;pconnell:Paul Connell,,c12-bg
2016-05-06T14:45+0000,ODI Leeds and Friends Showcase - April 2016,https://odileeds.org/blog/2016-05-06-odi-leeds-and-friends-showcase-april-2016,aevans:Amy Evans,,c11-bg
2016-06-08T11:30+0000,ODI Leeds Dashboard,https://odileeds.org/blog/2016-06-08-odi-leeds-dashboard,slowe:Stuart Lowe,,c6-bg
2016-07-01T00:00+0000,#FloodHack16 Follow-up - keep going!,https://odileeds.org/blog/2016-07-01-blog-floodhack-followup,aevans:Amy Evans,,c11-bg
2016-07-06T00:00+0000,#HighwaysHack Open Meeting,https://odileeds.org/blog/2016-07-06-blog-highwayshack-first-meeting,aevans:Amy Evans,,c11-bg
2016-07-18T11:00+0000,New website,https://odileeds.org/blog/2016-07-18-new-website,slowe:Stuart Lowe;aevans:Amy Evans,,c8-bg
2016-07-28T18:15+0000,Realising The Commons,https://odileeds.org/blog/2016-07-28-urban-commons,:Graeme Tiffany,,c14-bg
2016-08-01T09:00+0000,Hello Data Mill North!,https://odileeds.org/blog/2016-08-01-datamillnorth,:Stephen Blackburn,,c1-bg
2016-08-11T12:30+0000,Open allotments,https://odileeds.org/blog/2016-08-11-allotments,slowe:Stuart Lowe,,c6-bg
2016-08-22T10:30+0000,TravelSpirit and ODI Leeds team up for smart cities and mobility as a service,https://odileeds.org/blog/2016-08-22-travel-spirit,aevans:Amy Evans,,c11-bg
2016-08-26T10:00+0000,Open Smart Cities and Places - Hebden Bridge,https://odileeds.org/blog/2016-08-26-open-smart-cities-tom,tforth:Thomas Forth,,c13-bg
2016-09-13T12:55+0000,Inspired Spaces North 2016,https://odileeds.org/blog/2016-09-13-inspired-spaces,kconnell:Kathryn Connell,,c14-bg
2016-09-15T12:00+0000,#HighwaysHack - Challenges revealed,https://odileeds.org/blog/2016-09-15-highwayshack-challenges,aevans:Amy Evans,,c11-bg
2016-09-27T16:00+0000,#OpenSmartCities - roundup,https://odileeds.org/blog/2016-09-27-open-smart-cities-roundup,aevans:Amy Evans,,c11-bg
2016-10-07T16:00+0000,#HighwaysHack - Data sets,https://odileeds.org/blog/2016-10-07-highwayshack-datasets,slowe:Stuart Lowe,,c6-bg
2016-11-11T15:00+0000,Innovation &amp; Advisory Consultant November 2016,https://odileeds.org/blog/2016-11-11-innovation,pconnell:Paul Connell,,c12-bg
2016-12-15T15:00+0000,Defra Data Unconference,https://odileeds.org/blog/2016-12-15-defra-data-unconference,tforth:Thomas Forth,,c13-bg
2016-12-17T19:00+0000,Leeds Bins,https://odileeds.org/blog/2016-12-17-leeds-bins-infrastructure,tforth:Thomas Forth,,c13-bg
2016-12-19T19:00+0000,Innovating with Defra Data,https://odileeds.org/blog/2016-12-19-open-defra-innovation,aevans:Amy Evans,,c11-bg
2016-12-20T15:00+0000,Business Development Manager for the ODI: London/Leeds,https://odileeds.org/blog/2016-12-20-business-development-manager,aevans:Amy Evans,,c11-bg
2017-01-04T11:25+0000,Fun with open data,https://odileeds.org/blog/2017-01-04-advent,slowe:Stuart Lowe;aevans:Amy Evans,,c8-bg
2017-01-05T16:00+0000,January - Founder's Update,https://odileeds.org/blog/2017-01-05-paul-founders-update,pconnell:Paul Connell,,c12-bg
2017-01-20T16:00+0000,Odi-1 - creating a helpful robot,https://odileeds.org/blog/2017-01-20-creating-a-robot,aevans:Amy Evans;slowe:Stuart Lowe,,c8-bg
2017-01-23T15:00+0000,Leeds Service Jam,https://odileeds.org/blog/2017-01-23-leeds-service-jam,aevans:Amy Evans,,c11-bg
2017-02-08T16:00+0000,#AirHack Challenges,https://odileeds.org/blog/2017-02-08-airhack-challenges,aevans:Amy Evans,,c11-bg
2017-02-17T16:32+0000,Bradford flood network,https://odileeds.org/blog/2017-02-17-bradford-flood-network,slowe:Stuart Lowe,,c6-bg
2017-02-28T13:00+0000,#AirHack Day 1,https://odileeds.org/blog/2017-02-28-airhack-day1,aevans:Amy Evans,,c11-bg
2017-02-28T15:55+0000,Things coverage map,https://odileeds.org/blog/2017-02-28-things-coverage-map,slowe:Stuart Lowe,,c6-bg
2017-03-01T16:00+0000,#AirHack Day 2 and Outcomes,https://odileeds.org/blog/2017-03-01-airhack-day2,aevans:Amy Evans,,c11-bg
2017-03-27T11:00+0100,Visualising the IoTUK Nation Database,https://odileeds.org/blog/2017-03-27-iotuk-nation-database,slowe:Stuart Lowe,,c6-bg
2017-04-12T18:00+0100,Garth mapping,https://odileeds.org/blog/2017-04-12-garth-map,slowe:Stuart Lowe,,c6-bg
2017-04-19T14:00+0000,PDFs and Data,https://odileeds.org/blog/2017-04-19-Open-Data-and-PDFs,tforth:Thomas Forth,,c13-bg
2017-05-03T16:00+0000,ODI Leeds Showcase 2017,https://odileeds.org/blog/2017-05-03-showcase-2017,aevans:Amy Evans,,c11-bg
2017-05-08T13:00+0000,ODI Leeds at Leeds Digital Festival 2017,https://odileeds.org/blog/2017-05-08-ldf-17,aevans:Amy Evans,,c11-bg
2017-05-08T19:00+0000,Election hex mapping,https://odileeds.org/blog/2017-05-08-mapping-election-with-hexes,slowe:Stuart Lowe,,c6-bg
2017-05-10T14:30+0000,#TravelHack - creating a better transport system across the North,https://odileeds.org/blog/2017-05-10-travelhack-create-a-new-transport-system,aevans:Amy Evans,,c11-bg
2017-05-16T00:00+0000,Progress with PDFs and Data,https://odileeds.org/blog/2017-05-17-PDF-Progress,tforth:Thomas Forth,,c13-bg
2017-05-18T16:30+0000,Conservative Manifesto,https://odileeds.org/blog/2017-05-18-Conservative-Manifesto,tforth:Thomas Forth,,c13-bg
2017-05-31T17:30+0000,Visualising light,https://odileeds.org/blog/2017-05-31-visualising-light,slowe:Stuart Lowe,,c6-bg
2017-06-05T16:35+0000,Data sudoku,https://odileeds.org/blog/2017-06-05-data-sudoku,slowe:Stuart Lowe,,c6-bg
2017-06-06T11:30+0000,Innovation with Energy Data - project associate,https://odileeds.org/blog/2017-06-06-innovation-with-energy-data-position,aevans:Amy Evans,,c11-bg
2017-06-08T16:30+0000,Carbon Emissions in Leeds,https://odileeds.org/blog/2017-06-08-carbon-emissions-in-leeds,aevans:Amy Evans,,c11-bg
2017-06-09T13:33+0000,2017 General Election hex map,https://odileeds.org/blog/2017-06-09-election-hex-map,slowe:Stuart Lowe,,c6-bg
2017-06-13T12:00+0100,Data and travel,https://odileeds.org/blog/2017-06-13-data-and-travel,tforth:Thomas Forth;slowe:Stuart Lowe,,c9-bg
2017-06-13T16:00+0000,Mapping the economic structures of the UK,https://odileeds.org/blog/2017-06-13-mapping-economic-structures,:Peter Laflin,,c2-bg
2017-06-27T14:30+0000,#TravelHack part 1 - creating a data strategy for a new transport system,https://odileeds.org/blog/2017-06-27-travelhack-part-1,aevans:Amy Evans,,c11-bg
2017-06-28T14:30+0000,#TravelHack part 2 - creating a data strategy for a new transport system,https://odileeds.org/blog/2017-06-28-travelhack-part-2,aevans:Amy Evans,,c11-bg
2017-07-03T14:00+0000,ODI Leeds Digest - June,https://odileeds.org/blog/2017-07-03-june-in-a-nutshell,aevans:Amy Evans,,c11-bg
2017-07-20T13:00+0000,#TravelHack - what happens next?,https://odileeds.org/blog/2017-07-20-travelhack-what-happens-next,pconnell:Paul Connell,,c12-bg
2017-07-13T00:00+0000,The Internet of Bats,https://odileeds.org/blog/2017-07-24-internet-of-bats,tforth:Thomas Forth,,c13-bg
2017-07-31T15:00+0000,Highways England Innovation Workshop - the outcomes,https://odileeds.org/blog/2017-07-31-HE-innovation-outcomes,pconnell:Paul Connell:Teresa Jolley,,c14-bg
2017-07-31T15:00+0000,"Highways England Innovation Workshop, a summary",https://odileeds.org/blog/2017-07-31-HE-innovation-workshop,pconnell:Paul Connell:Teresa Jolley,,c14-bg
2017-07-31T11:30+0000,Solar Solutions; leaving a legacy in Leeds,https://odileeds.org/blog/2017-07-31-smartklub-solar-solutions,dphillips:Dougie Phillips,,c10-bg
2017-08-01T15:00+0000,ODI Leeds Digest - July,https://odileeds.org/blog/2017-08-01-july-in-a-nutshell,aevans:Amy Evans,,c11-bg
2017-08-11T14:30+0000,"In the summertime, when the weather is...oh",https://odileeds.org/blog/2017-08-11-in-the-summertime,aevans:Amy Evans,,c11-bg
2017-09-05T13:30+0000,#TravelHack - Fare Enough,https://odileeds.org/blog/2017-09-05-travelhack2-fare-enough,aevans:Amy Evans,,c11-bg
2017-09-08T11:30+0000,Sparking energy data into life,https://odileeds.org/blog/2017-09-08-sparking-energy-data,dphillips:Dougie Phillips,,c10-bg
2017-09-15T16:30+0000,Failing to plan is planning to fail,https://odileeds.org/blog/2017-09-15-failing-to-plan,dphillips:Dougie Phillips,,c10-bg
2017-09-18T17:30+0000,ODI Leeds Digest - August,https://odileeds.org/blog/2017-09-18-aug-in-a-nutshell,aevans:Amy Evans,,c11-bg
2017-09-28T17:00+0000,The fun of energy funding,https://odileeds.org/blog/2017-09-28-the-fun-of-energy-funding,dphillips:Dougie Phillips,,c10-bg
2017-10-03T13:00+0000,ODI Leeds Digest - September,https://odileeds.org/blog/2017-10-03-september-in-a-nutshell,aevans:Amy Evans,,c11-bg
2017-10-12T17:00+0000,#TravelHack2 - That's the ticket to fare'er data,https://odileeds.org/blog/2017-10-12-thats-the-ticket,dphillips:Dougie Phillips,,c10-bg
2017-10-16T11:00+0000,#TravelHack2 - More than just a Fare'y Tale,https://odileeds.org/blog/2017-10-16-a-farey-tale,dphillips:Dougie Phillips,,c10-bg
2017-10-17T09:00+0000,Best Practices for PDF and Data,https://odileeds.org/blog/2017-10-17-PDFs-and-Data,tforth:Thomas Forth,,c13-bg
2017-10-17T00:01+0000,House prices by ward,https://odileeds.org/blog/2017-10-17-housepricebyward,tforth:Thomas Forth,,c13-bg
2017-10-24T11:00+0000,Energy Data - It's good to talk,https://odileeds.org/blog/2017-10-24-its-good-to-talk,dphillips:Dougie Phillips,,c10-bg
2017-10-31T14:00+0000,All Aboard the Data Bus,https://odileeds.org/blog/2017-10-31-all-aboard-the-data-bus,aevans:Amy Evans,,c11-bg
2017-11-10T16:00+0000,ODI Leeds Digest - October,https://odileeds.org/blog/2017-11-10-october-in-a-nutshell,aevans:Amy Evans,,c11-bg
2017-11-20T16:00+0000,Energy Funding: Benefiting from benefit data?,https://odileeds.org/blog/2017-11-20-benefiting-from-benefit-data,dphillips:Dougie Phillips,,c10-bg
2017-11-29T13:10+0000,Bus usage in West Yorkshire,https://odileeds.org/blog/2017-11-29-encts,slowe:Stuart Lowe,,c6-bg
2017-12-15T17:45+0000,Energy Data - let Leeds light the way,https://odileeds.org/blog/2017-12-15-let-leeds-light-the-way,dphillips:Dougie Phillips,,c10-bg
2018-01-05T15:30+0000,Brownfield land registers,https://odileeds.org/blog/2018-01-05-brownfield-land-registers,slowe:Stuart Lowe,,c6-bg
2018-01-05T13:00+0000,New and improved ODI Leeds is open!,https://odileeds.org/blog/2018-01-05-new-and-improved-open,kconnell:Kathryn Connell,,c14-bg
2018-01-22T10:15+0000,Open innovation with Ofcom data,https://odileeds.org/blog/2018-01-22-ofcom-innovation-with-data,aevans:Amy Evans,,c11-bg
2018-01-26T16:18+0000,West Yorkshire GeoJSON,https://odileeds.org/blog/2018-01-26-west-yorkshire-geojson,slowe:Stuart Lowe,,c6-bg
2018-02-02T12:00+0000,The launch of ODI Leeds: Transport,https://odileeds.org/blog/2018-02-02-launching-odileeds-transport,nmcclure:Neil McClure,,c1-bg
2018-02-06T12:15+0000,ODI Leeds Digest - Winter,https://odileeds.org/blog/2018-02-06-odileeds-winter-digest,aevans:Amy Evans,,c11-bg
2018-02-15T09:30+0000,Council spending data,https://odileeds.org/blog/2018-02-15-council-spending-data,slowe:Stuart Lowe,,c6-bg
2018-02-15T16:45+0000,Working with Yorkshire Water to become open by default,https://odileeds.org/blog/2018-02-15-yorkshire-water-open-by-default,aevans:Amy Evans,,c11-bg
2018-02-16T14:45+0000,Two weeks of data delights for LDF2018,https://odileeds.org/blog/2018-02-16-data-events-ldf-2018,aevans:Amy Evans,,c11-bg
2018-02-28T17:00+0000,Innovating with Ofcom data - themes and challenges,https://odileeds.org/blog/2018-02-28-ofcom-data-challenges,aevans:Amy Evans,,c11-bg
2018-03-07T13:00+0000,The tea totaller,https://odileeds.org/blog/2018-03-07-tea-total,slowe:Stuart Lowe,,c6-bg
2018-03-08T15:30+0000,Ofcom - driven by consumers,https://odileeds.org/blog/2018-03-08-ofcom-driven-by-consumers,aevans:Amy Evans,,c11-bg
2018-03-10T14:00+0000,Building the TRUE tool,https://odileeds.org/blog/2018-03-10-The-TRUE-tool,tforth:Thomas Forth,,c13-bg
2018-03-19T13:45+0000,Vacancy - Innovation Consultant,https://odileeds.org/blog/2018-03-19-innovation-consultant,pconnell:Paul Connell,,c12-bg
2018-03-21T13:15+0000,Visualising petition data,https://odileeds.org/blog/2018-03-21-petitions,slowe:Stuart Lowe,,c6-bg
2018-03-27T17:15+0000,A Digital Strategy for a City Region,https://odileeds.org/blog/2018-03-27-a-digital-strategy-for-a-city-region,pconnell:Paul Connell,,c12-bg
2018-03-28T14:30:00+0000,New Institutions,https://odileeds.org/blog/2018-03-28-new-institutions,pconnell:Paul Connell,,c12-bg
2018-04-04T13:15+0000,March in a nutshell (with a sprinkling of February),https://odileeds.org/blog/2018-04-04-march-with-feb-sprinkles,aevans:Amy Evans,,c11-bg
2018-04-05T16:30+0000,The Future of Transport in the North is Exciting,https://odileeds.org/blog/2018-04-05-the-future-of-transport-is-exciting,nmcclure:Neil McClure,,c1-bg
2018-04-09T15:30+0000,Learning from experience with NHS data,https://odileeds.org/blog/2018-04-09-learning-from-experience,aevans:Amy Evans,,c11-bg
2018-04-11T14:45+0000,Showcase 2018 Running Order,https://odileeds.org/blog/2018-04-11-showcase-2018-running-order,aevans:Amy Evans,,c11-bg
2018-04-14T16:45+0000,Leeds local elections 2018,https://odileeds.org/blog/2018-04-14-local-elections,slowe:Stuart Lowe,,c6-bg
2018-04-17T16:15+0000,#RadicallyOpen with NHS Digital,https://odileeds.org/blog/2018-04-17-radically-open-nhs-digital,aevans:Amy Evans,,c11-bg
2018-04-18T17:15+0000,The IoT Showcase running order,https://odileeds.org/blog/2018-04-18-iot-running-order,aevans:Amy Evans,,c11-bg
2018-04-19T11:15+0000,The Future of Transport in the North - running order revealed,https://odileeds.org/blog/2018-04-19-transport-running-order,nmcclure:Neil McClure,,c1-bg
2018-05-16T21:45+0000,The ONS and us,https://odileeds.org/blog/2018-05-16-the-ons,tforth:Thomas Forth,,c13-bg
2018-05-17T14:30+0000,#WaterData18 Themes,https://odileeds.org/blog/2018-05-17-waterdata-themes,aevans:Amy Evans,,c11-bg
2018-05-21T17:15+0000,Open innovation in action with FSA,https://odileeds.org/blog/2018-05-21-helping-fsa-improve-procedures,nmcclure:Neil McClure,,c1-bg
2018-05-25T16:20+0100,Why open data can save the East Coast Rail franchise,https://odileeds.org/blog/2018-05-25-why-open-data-can-save-the-east-coast-rail-franchise,nmcclure:Neil McClure;tforth:Thomas Forth,,c7-bg
2018-05-30T16:00+0000,#WaterData18 - part 1,https://odileeds.org/blog/2018-05-30-waterdata-part-1,aevans:Amy Evans,,c11-bg
2018-05-30T16:15+0000,#WaterData18 - part 2,https://odileeds.org/blog/2018-05-30-waterdata-part-2,aevans:Amy Evans,,c11-bg
2018-05-31T15:45+0000,New sponsor - Transport for the North,https://odileeds.org/blog/2018-05-31-new-sponsor-transport-for-the-north,nmcclure:Neil McClure,,c1-bg
2018-06-04T14:54+0000,Insignificant figures,https://odileeds.org/blog/2018-06-04-insignificant-figures,slowe:Stuart Lowe,,c6-bg
2018-06-07T17:00+0000,"Bioresources, Market Transparency, and The Future",https://odileeds.org/blog/2018-06-07-bioresources-market-transparency-the-future,:Duncan Macintyre,,c2-bg
2018-06-08T10:06+0000,Common Ground,https://odileeds.org/blog/2018-06-08-common-ground,:Paul Chatterton:Paul Routledge,,c28-bg
2018-06-08T12:57+0000,Data Mapper,https://odileeds.org/blog/2018-06-08-data-mapper,slowe:Stuart Lowe,,c6-bg
2018-06-08T10:41+0000,One year on from Tech Hub,https://odileeds.org/blog/2018-06-08-one-year-on-from-tech-hub,aevans:Amy Evans,,c11-bg
2018-06-15T09:17+0000,Announcing All Aboard 2,https://odileeds.org/blog/2018-06-15-announcing-all-aboard-2,nmcclure:Neil McClure,,c1-bg
2018-06-18T14:56+0000,Building digital tools for prospective students,https://odileeds.org/blog/2018-06-18-building-digital-tools-for-prospective-students,aevans:Amy Evans,,c11-bg
2018-06-18T12:52+0000,New sponsor - OpenDataSoft,https://odileeds.org/blog/2018-06-18-new-sponsor-opendatasoft,aevans:Amy Evans,,c11-bg
2018-06-27T11:16+0000,Vacancy - Events and Community Assistant,https://odileeds.org/blog/2018-06-27-vacancy-events-and-community-organiser,kconnell:Kathryn Connell,,c14-bg
2018-07-26T11:15+0000,The next IoT Showcase will be in September,https://odileeds.org/blog/2018-07-20-the-next-iot-showcase-will-be-in-september,aevans:Amy Evans,,c11-bg
2018-07-26T13:37+0000,CSV to GeoJSON,https://odileeds.org/blog/2018-07-26-csv-to-geojson,slowe:Stuart Lowe,,c6-bg
2018-08-06T12:58+0000,Painting a more complete picture for students,https://odileeds.org/blog/2018-08-06-painting-a-more-complete-picture-for-students,aevans:Amy Evans,,c11-bg
2018-08-10T10:53+0000,Charged up data: a case for open charge point usage data,https://odileeds.org/blog/2018-08-10-charged-up-data-a-case-for-open-charge-point-usage-data,:Bhavin Makwana,,c14-bg
2018-08-15T09:50+0000,Transforming bus service operators' grants with tech,https://odileeds.org/blog/2018-08-15-bsog,nmcclure:Neil McClure,,c1-bg
2018-08-21T12:01+0000,The buses don't match the data. The data don't match the buses.,https://odileeds.org/blog/2018-08-21-the-buses-dont-match-the-data-the-data-dont-match-the-buses-,nmcclure:Neil McClure,,c1-bg
2018-09-06T09:14+0000,Using open data to calculate bus route distances,https://odileeds.org/blog/2018-09-06-using-open-data-to-calculate-bus-route-distances,nmcclure:Neil McClure;dbillingsley:Daniel Billingsley,,c7-bg
2018-09-26T15:44+0000,Crime maps,https://odileeds.org/blog/2018-09-26-crime-maps,slowe:Stuart Lowe,,c6-bg
2018-09-27T13:14+0000,Real Journey Times Project,https://odileeds.org/blog/2018-09-27-real-journey-time,nmcclure:Neil McClure;tforth:Thomas Forth,,c7-bg
2018-09-28T16:07+0000,IoTUK Challenger North - Day 1,https://odileeds.org/blog/2018-09-28-iotuk-challenger-north-day-1,aevans:Amy Evans,,c11-bg
2018-09-28T16:10+0000,IoTUK Challenger North - Day 2,https://odileeds.org/blog/2018-09-28-iotuk-challenger-north-day-2,aevans:Amy Evans;msmickersgill:Maria Smickersgill,,c12-bg
2018-10-19T12:36+0000,Visit from the Secretary of State,https://odileeds.org/blog/2018-10-19-visit-from-the-secretary-of-state,slowe:Stuart Lowe;mridley:Molly Ridley,,c8-bg
2018-10-25T14:51+0000,Open Transport North launch,https://odileeds.org/blog/2018-10-25-launch-open-transport-north,aevans:Amy Evans;nmcclure:Neil McClure,,c6-bg
2018-10-30T11:56+0000,Data and Innovation for the North,https://odileeds.org/blog/2018-10-30-data-and-innovation-for-the-north,pconnell:Paul Connell,,c12-bg
2018-11-07T17:09+0000,Open Data Camp 6,https://odileeds.org/blog/2018-11-07-open-data-camp-6,slowe:Stuart Lowe,,c6-bg
2018-11-13T12:39+0000,Releasing Synthetic A&E Data,https://odileeds.org/blog/2018-11-13-releasing-synthetic-ae-data,tforth:Thomas Forth,,c13-bg
2018-11-28T17:24+0000,How are you using northern data?,https://odileeds.org/blog/2018-11-28-how-are-you-using-northern-data,slowe:Stuart Lowe,,c6-bg
2019-01-18T19:14+0000,Chairman of NHS Digital visits Leeds,https://odileeds.org/blog/2019-01-18-chairman-of-nhs-digital-visits-leeds,aevans:Amy Evans,1;13,c11-bg
2019-01-21T14:26+0000,Building on success for the year ahead,https://odileeds.org/blog/2019-01-21-building-on-success-for-the-year-ahead,aevans:Amy Evans;pconnell:Paul Connell,,c11-bg
2019-01-24T14:49+0000,Exploring methods for synthetic A&E data,https://odileeds.org/blog/2019-01-24-exploring-methods-for-creating-synthetic-a-e-data,:Jonathan Pearson,13,c2-bg
2019-02-01T16:12+0000,Anonymisation and re-identification,https://odileeds.org/blog/2019-02-01-anonimisation-and-re-identification,slowe:Stuart Lowe,13,c6-bg
2019-02-22T14:39+0000,Top marks for new student apps from DfE competition,https://odileeds.org/blog/2019-02-22-top-marks-for-new-student-apps-from-dfe-competition,aevans:Amy Evans,,c11-bg
2019-03-14T18:52+0000,Scores on the doors,https://odileeds.org/blog/2019-03-14-scores-on-the-doors,slowe:Stuart Lowe,1;3;6,c6-bg
2019-03-15T12:46+0000,The Northernlands Data and Startup Summit,https://odileeds.org/blog/2019-03-15-the-northernlands-data-and-startup-summit,aevans:Amy Evans,1;7,c11-bg
2019-03-20T16:01+0000,Home is where the data is,https://odileeds.org/blog/2019-03-20-home-is-where-the-data-is,aevans:Amy Evans,1,c11-bg
2019-04-02T12:35+0000,When visualisations go viral,https://odileeds.org/blog/2019-04-02-when-visualisations-go-viral,slowe:Stuart Lowe;aevans:Amy Evans,,c8-bg
2019-05-14T14:20+0000,The Northernlands - Provoke and Challenge session,https://odileeds.org/blog/2019-05-14-the-northernlands-provoke-and-challenge-session,aevans:Amy Evans,1;7,c11-bg
2019-05-15T14:30+0000,Northernlands - Explore session,https://odileeds.org/blog/2019-05-15-northernlands-explore-session,aevans:Amy Evans,1;7,c11-bg
2019-06-05T15:51+0000,Hack for Impact: Yorkshire - our next hackathon,https://odileeds.org/blog/2019-06-05-hack-for-impact-yorkshire-our-next-hackathon,aevans:Amy Evans,11,c11-bg
2019-06-06T13:59+0000,Adding geography to your CSV files,https://odileeds.org/blog/2019-06-06-adding-geography-to-your-csv-files,slowe:Stuart Lowe,1;3;6,c6-bg
2019-06-10T15:05+0000,Open data is an attitude,https://odileeds.org/blog/2019-06-10-open-data-is-an-attitude,:Danielle Knight,,c14-bg
2019-06-19T13:53+0000,Open data foundations - building a housing tool,https://odileeds.org/blog/2019-06-19-open-data-foundations-building-a-housing-tool,aevans:Amy Evans;gdring:Giles Dring,1,c10-bg
2019-06-20T10:23+0000,Carbon Dashboard,https://odileeds.org/blog/2019-06-20-carbon-dashboard,plake:Patrick Lake,,c4-bg
2019-06-24T14:20+0000,"HFI: Yorkshire - geographies, data, value",https://odileeds.org/blog/2019-06-24-hfi-yorkshire-geographies-data-value,aevans:Amy Evans;plake:Patrick Lake,11,c7-bg
2019-06-25T15:10+0000,Carbon Dashboard - Making it Happen,https://odileeds.org/blog/2019-06-25-carbon-dashboard-making-it-happen,plake:Patrick Lake,,c4-bg
2019-06-25T10:00+0000,Northern Powergrid become the newest sponsor of ODI Leeds,https://odileeds.org/blog/2019-06-25-northern-powergrid-become-the-newest-sponsor-of-odi-leeds,aevans:Amy Evans,16,c11-bg
2019-07-02T08:09+0000,Tracking local funding - a new project with JRF,https://odileeds.org/blog/2019-07-02-tracking-local-funding-a-new-project-with-jrf,aevans:Amy Evans;tforth:Thomas Forth,,c12-bg
2019-07-10T10:50+0000,ODI Leeds Summer Holiday Promotion,https://odileeds.org/blog/2019-07-10-odi-leeds-summer-promotion,bmullins:Beth Mullins,,c5-bg
2019-07-11T14:05+0000,Reflecting on the past 5 years - a few words from our founder,https://odileeds.org/blog/2019-07-11-reflecting-on-the-past-5-years-a-few-words-from-our-founder,pconnell:Paul Connell,1;2;3;4;5;6;7;8;9;10;11;12;13;14;15;16,c12-bg
2019-07-17T08:50+0000,Carbon Emissions: Where are they coming from?,https://odileeds.org/blog/2019-07-17-carbon-emissions-where-are-they-coming-from,plake:Patrick Lake,,c4-bg
2019-07-17T16:00+0000,Start up - Success Stories,https://odileeds.org/blog/2019-07-17-start-up-success-stories,bmullins:Beth Mullins,,c5-bg
2019-07-22T14:15+0000,#OpenGovTech,https://odileeds.org/blog/2019-07-22-opengovtech,pconnell:Paul Connell,,c12-bg
2019-07-23T15:25+0000,A refreshed approach to open data - how you can help,https://odileeds.org/blog/2019-07-23-a-refreshed-approach-to-open-data,aevans:Amy Evans,,c11-bg
2019-07-31T11:19+0000,Hack for Impact - Looking Back,https://odileeds.org/blog/2019-07-31-hack-for-impact-looking-back,plake:Patrick Lake,,c4-bg
2019-08-01T12:24+0000,Offices of Multiple Occupation,https://odileeds.org/blog/2019-08-01-offices-of-multiple-occupation,slowe:Stuart Lowe,,c6-bg
2019-08-05T09:35+0000,Business rates,https://odileeds.org/blog/2019-08-05-business-rates,slowe:Stuart Lowe,1;3;6,c6-bg
2019-08-12T15:05+0000,Yorkshire Water 'Natural Knowledge' dashboard,https://odileeds.org/blog/2019-08-12-yorkshire-water-s-natural-knowledge-dashboard,:Carol White:Matthew North:Fay Fletcher:Kirelle McManus:Daniel Murphy:Susan Hawkins:Hannah Jones,11,c98-bg
2019-08-14T13:06+0000,ODI Leeds becomes a Northern Powerhouse partner,https://odileeds.org/blog/2019-08-14-odi-leeds-becomes-a-northern-powerhouse-partner,aevans:Amy Evans,1;2;3;4;5;6;7;8;9;10;11;12;13;14;15;16,c11-bg
2019-08-19T15:15+0000,Your #OpenGovTech Stories,https://odileeds.org/blog/2019-08-19-your-opengovtech-stories,pconnell:Paul Connell,1;2;3;6;11;16;13;9,c12-bg
2019-08-23T09:11+0000,An open data strategy that improves health,https://odileeds.org/blog/2019-08-23-an-open-data-strategy-that-improves-health-and-wellbeing,aevans:Amy Evans,13,c11-bg
2019-09-04T09:40+0000,Re-opening the bins,https://odileeds.org/blog/2019-09-04-reopening-the-bins,slowe:Stuart Lowe,1,c6-bg
2019-09-05T16:10+0000,Free coworking for those improving climate crisis,https://odileeds.org/blog/2019-09-05-free-coworking-for-those-improving-the-climate-crisis,bmullins:Beth Mullins,,c5-bg
2019-09-11T14:40+0000,Our eco ethos,https://odileeds.org/blog/2019-09-11-our-eco-ethos,:Louis Connell,,c14-bg
2019-09-12T15:55+0000,A manifesto for open government - #OpenGovTech,https://odileeds.org/blog/2019-09-12-a-manifesto-for-open-government-the-opengovtech-launch,aevans:Amy Evans,1;2;3;6,c11-bg
2019-09-26T11:35+0000,Building data standards for future energy systems,https://odileeds.org/blog/2019-09-26-building-data-standards-for-future-energy-systems,aevans:Amy Evans,16;6;1;3,c11-bg
2019-09-26T14:00+0000,Funding for local growth,https://odileeds.org/blog/2019-09-26-funding-for-local-growth,tforth:Thomas Forth,,c13-bg
2019-10-02T10:00+0000,FutureGov become a sponsor of ODI Leeds,https://odileeds.org/blog/2019-10-02-futuregov-become-a-sponsor-of-odi-leeds,aevans:Amy Evans,17,c11-bg
2019-10-02T13:55+0000,Hack For Impact - what happens next?,https://odileeds.org/blog/2019-10-02-hack-for-impact-what-happens-next-,plake:Patrick Lake,11,c4-bg
2019-11-07T11:46+0000,Join forces and fix the climate at #PlanetData,https://odileeds.org/blog/2019-11-07-join-forces-and-fix-the-climate-at-planetdata,aevans:Amy Evans,1;2;3;4;5;6;7;8;9;10;11;12;13;14;15;16;17,c11-bg
2019-11-27T12:00+0000,Building electricity network geography,https://odileeds.org/blog/2019-11-27-building-electricity-distribution-geography,slowe:Stuart Lowe;plake:Patrick Lake,16,c5-bg
2019-12-09T10:18+0000,Visualising Future Energy Scenarios,https://odileeds.org/blog/2019-12-09-visualising-future-energy-scenarios,slowe:Stuart Lowe;plake:Patrick Lake,16,c5-bg
2019-12-17T16:35+0000,Northern Gas Networks is a brand new sponsor of ODI Leeds,https://odileeds.org/blog/2019-12-17-northern-gas-networks-is-a-brand-new-sponsor-of-odi-leeds,aevans:Amy Evans,,c11-bg
2019-12-17T15:40+0000,The start of something big - #PlanetData summary,https://odileeds.org/blog/2019-12-17-the-start-of-something-big-planetdata-summary,aevans:Amy Evans,1;2;3;4;5;6;7;8;9;10;11;13;12;14;15;16;17,c11-bg
2019-12-18T16:55+0000,Flight Emissions - Who's keeping track?,https://odileeds.org/blog/2019-12-18-flight-emissions-whos-keeping-track,plake:Patrick Lake,,c4-bg
2020-01-02T10:50+0000,Data and bus franchising in Greater Manchester,https://odileeds.org/blog/2020-01-02-data-and-bus-franchising-in-greater-manchester,tforth:Thomas Forth,,c13-bg
2020-01-08T12:30+0000,"New year, new sponsor - NHSX becomes the newest sponsor",https://odileeds.org/blog/2020-01-08-new-year-new-sponsor-nhsx-becomes-newest-sponsor,aevans:Amy Evans,18,c11-bg
2020-01-14T14:35+0000,Can the NHS learn from how other health systems use open data?,https://odileeds.org/blog/2020-01-14-can-the-nhs-learn-from-how-other-health-systems-use-open-data,:Dr Keith Gomes Pinto,13,c14-bg
2020-02-06T12:02+0000,Chris Skidmore visits ODI Leeds on UK innovation tour,https://odileeds.org/blog/2020-02-06-chris-skidmore-visits-odi-leeds-on-innovation-tour-of-uk,aevans:Amy Evans;pconnell:Paul Connell,1;2;3;4;5;6;7;8;9;10;11;12;13;14;15;16;17;18;19,c11-bg
2020-02-24T14:45+0000,The #OpenDataSavesLives launch sessions - what next?,https://odileeds.org/blog/2020-02-24-the-opendatasaveslives-launch-sessions-what-next-,aevans:Amy Evans,1;3;6;13;18,c11-bg
2020-02-28T16:29+0000,Cycle traffic growth,https://odileeds.org/blog/2020-02-28-cycle-traffic-growth,slowe:Stuart Lowe,1;2;3;6,c6-bg
2020-02-28T15:37+0000,Eating your own dog food,https://odileeds.org/blog/2020-02-28-eating-your-own-dog-food,slowe:Stuart Lowe,,c6-bg
2020-02-28T15:24+0000,No more reports,https://odileeds.org/blog/2020-02-28-no-more-reports,aevans:Amy Evans;slowe:Stuart Lowe,1;2;3;4;5;6;7;8;9;10;11;12;13;14;15;16;17;18;19,c8-bg
2020-03-03T11:45+0000,DFES - Interview with Mary Black,https://odileeds.org/blog/2020-03-03-dfes-interview-with-mary-black-northern-powergrid,aevans:Amy Evans,,c11-bg
2020-03-11T09:31+0000,Three new tools launched to track spending in the UK,https://odileeds.org/blog/2020-03-11-three-new-tools-launched-to-track-spending-in-the-uk,tforth:Thomas Forth,1;2;3;6;10;14;17,c13-bg
2020-03-17T11:15+0000,Coronavirus - COVID-19 Update,https://odileeds.org/blog/2020-03-17-coronavirus-covid-19-update,pconnell:Paul Connell,1;2;3;4;5;6;7;9;8;10;11;12;13;14;15;16;17;18;19;20,c12-bg
2020-03-17T14:20+0000,Launching our open data health blog,https://odileeds.org/blog/2020-03-17-launching-our-open-data-health-blog,:Alistair Bullward,18;13,c14-bg
2020-03-17T10:22+0000,Our commitment to you during the coronavirus outbreak,https://odileeds.org/blog/2020-03-17-our-commitment-to-you-during-the-coronavirus-outbreak,kconnell:Kathryn Connell,,c14-bg
2020-03-18T09:51+0000,The Hex Election,https://odileeds.org/blog/2020-03-18-the-hex-election,gdring:Giles Dring;slowe:Stuart Lowe,,c8-bg
2020-03-24T09:44+0000,Being Radically Open during the COVID-19 outbreak,https://odileeds.org/blog/2020-03-24-being-radically-open-during-the-covid19-outbreak,aevans:Amy Evans,1;2;3;6;13;18,c11-bg
2020-03-31T13:39+0000,We welcome Network Rail as the newest sponsor at ODI Leeds,https://odileeds.org/blog/2020-03-31-we-welcome-network-rail-as-the-newest-sponsor-at-odi-leeds,aevans:Amy Evans,20,c11-bg
2020-04-03T13:44+0000,Open Data Day 2020 - Mapping challenges galore,https://odileeds.org/blog/2020-04-03-open-data-day-2020-mapping-challenges-galore,aevans:Amy Evans;slowe:Stuart Lowe;plake:Patrick Lake;gdring:Giles Dring,1;2;3;6,c7-bg
2020-04-16T14:01+0000,Make it easy for people to get your data,https://odileeds.org/blog/2020-04-16-make-it-easy-for-people-to-get-your-data,aevans:Amy Evans;slowe:Stuart Lowe,1;3;2;6;11;14;16;19;18;13,c8-bg
2020-04-16T15:40+0000,ODI Leeds joins the EMER2GENT alliance focused on the post-pandemic world,https://odileeds.org/blog/2020-04-16-odi-leeds-joins-the-emer2gent-alliance-focused-on-the-post-pandemic-world,aevans:Amy Evans;pconnell:Paul Connell,1;2;3;5;6;7;8;9;10;11;13;14;16;17;18;19;20,c11-bg
2020-04-17T12:10+0000,Supporting the 'Breathing City' in Leeds,https://odileeds.org/blog/2020-04-17-supporting-the-breathing-city-in-leeds,aevans:Amy Evans,1,c11-bg
2020-04-22T13:50+0000,Making URIs Cool again,https://odileeds.org/blog/2020-04-22-making-uris-cool-again,gdring:Giles Dring,,c10-bg
2020-04-29T16:37+0000,Website carbon emissions,https://odileeds.org/blog/2020-04-29-website-carbon-emissions,slowe:Stuart Lowe,,c6-bg
2020-05-01T10:00+0000,COVID-19 - Update from ODI Leeds,https://odileeds.org/blog/2020-05-01-covid-19-update-from-odi-leeds,aevans:Amy Evans,1;2;3;5;4;6;7;8;9;10;11;12;13;14;15;16;17;18;19;20,c11-bg
2020-05-13T14:23+0000,ODI Leeds & The Emergent Alliance,https://odileeds.org/blog/2020-05-13-odi-leeds-the-emergent-alliance,pconnell:Paul Connell,1;2;3;4;5;6;7;8;9;10;11;12;13;14;15;16;17;18;19;20,c12-bg
2020-05-14T08:21+0000,#OpenDataSavesLives - reflection and moving forward,https://odileeds.org/blog/2020-05-14-open-data-saves-lives-reflection-and-moving-forward,aevans:Amy Evans;pconnell:Paul Connell,1;2;3;6;13;18,c11-bg
2020-05-15T14:15+0000,Developing open data in the face of a global pandemic,https://odileeds.org/blog/2020-05-15-developing-open-data-in-the-face-of-a-global-pandemic,:Alistair Bullward,13,c14-bg
2020-05-15T13:44+0000,Emergent Alliance - Creating an Open Catalogue of Data,https://odileeds.org/blog/2020-05-15-emergent-alliance-creating-an-open-catalogue-of-data,plake:Patrick Lake,,c4-bg
2020-05-15T09:50+0000,Our air quality hackathon returns - #AirHack2,https://odileeds.org/blog/2020-05-15-our-air-quality-hackathon-returns-airhack2,:Sydney Simpson,3,c14-bg
2020-05-19T12:51+0000,#PlanetData2 - continuing the climate conversation,https://odileeds.org/blog/2020-05-19-planetdata2-continuing-the-climate-conversation,aevans:Amy Evans,1,c11-bg
2020-05-20T10:36+0000,Data Mill North 2.0,https://odileeds.org/blog/2020-05-20-data-mill-north-2,slowe:Stuart Lowe;plake:Patrick Lake;aevans:Amy Evans,1;2;3;6;11;10;13;14;16;17;18;19;20,c7-bg
2020-06-10T15:10+0000,Geography - battle lines are drawn,https://odileeds.org/blog/2020-06-10-geography-battle-lines-are-drawn,aevans:Amy Evans;plake:Patrick Lake,1;2;3;6;13;18,c7-bg
2020-06-16T12:53+0000,Local data for local places can help save lives,https://odileeds.org/blog/2020-06-16-local-data-for-local-places-can-help-save-lives,:Peter Wells,1;2;3;6;17;18;13,c14-bg
2020-06-17T15:12+0000,Understanding coastal communities,https://odileeds.org/blog/2020-06-17-understanding-coastal-communities,aevans:Amy Evans,,c11-bg
2020-07-08T13:52+0000,Bystanders guilt - volunteering during the pandemic,https://odileeds.org/blog/2020-07-08-bystanders-guilt-volunteering-during-the-pandemic,:Emmy Hoyes,,c2-bg
2020-07-16T11:23+0000,ODI Leeds wins funding to boost and support crucial #OpenDataSavesLives work,https://odileeds.org/blog/2020-07-16-odi-leeds-wins-funding-to-boost-and-support-crucial-opendatasaveslives-work,aevans:Amy Evans,1;2;3;5;6;8;10;12;13;15;17;17;18,c11-bg
2020-07-17T14:56+0000,Six months of binnovation in Leeds.,https://odileeds.org/blog/2020-07-17-six-months-of-binnovation-in-leeds-,tforth:Thomas Forth,,c13-bg
2020-07-22T16:24+0000,Northernlands 2 - summary and what happens next,https://odileeds.org/blog/2020-07-22-northernlands-2-summary-and-what-happens-next,aevans:Amy Evans,,c11-bg
2020-07-24T11:05+0000,"Standards, citizens, and sensors - the Air Hack 2 warm up session summary",https://odileeds.org/blog/2020-07-24-standards-citizens-and-sensors-the-air-hack-2-warm-up-session-summary,aevans:Amy Evans,1;3;6;9,c11-bg
2020-07-31T16:30+0000,Every bin in the world,https://odileeds.org/blog/2020-07-31-every-bin-in-the-world,slowe:Stuart Lowe;tforth:Thomas Forth,1;3;6,c9-bg
2020-08-05T17:35+0000,#OpenDataSavesLives - moving forward,https://odileeds.org/blog/2020-08-05-open-data-saves-lives-moving-forward,aevans:Amy Evans,13;18,c11-bg
2020-08-18T13:09+0000,Is the UK coast poor?,https://odileeds.org/blog/2020-08-18-is-the-uk-coast-poor-,tforth:Thomas Forth,,c13-bg
2020-08-28T06:00+0000,Best Bin Placement: using open data to optimise public bin placement in Leeds.,https://odileeds.org/blog/2020-08-28-best-bin-placement-,tforth:Thomas Forth,,c13-bg
2020-09-11T18:00+0000,Diversity Explorer 2.0,https://odileeds.org/blog/2020-09-11-Diversity2point0-,tforth:Thomas Forth,,c13-bg
2020-09-15T14:16+0000,Innovating with data to make a difference,https://odileeds.org/blog/2020-09-15-innovating-with-data-to-make-a-difference,pconnell:Paul Connell;kconnell:Kathryn Connell,1;2;3;4;5;6;7;8;9;10;11;12;13;14;15;16;17;18;19;20,c13-bg
2020-09-17T09:14+0000,ODI Leeds and Icebreaker One - Partner on Project Cygnus,https://odileeds.org/blog/2020-09-17-odi-leeds-and-icebreaker-one-partner-on-project-cygnus,oocheche:Ojoyi Ocheche;pconnell:Paul Connell;plake:Patrick Lake,1;2;3;4;5;6;7;8;9;10;11;12;13;14;15;17;16;18;19;20,c5-bg
2020-09-22T05:00+0000,How long is the coast? How many dimensions does it have?,https://odileeds.org/blog/2020-09-22-is-the-coast-poor-,tforth:Thomas Forth,,c13-bg
2020-10-07T12:55+0000,How has COVID-19 affected education?,https://odileeds.org/blog/2020-10-07-how-has-covid-19-affected-education,gdring:Giles Dring,,c10-bg
2020-10-07T09:34+0000,Vacancy - Data and Innovation Consultant,https://odileeds.org/blog/2020-10-07-vacancy-data-and-innovation-consultant,aevans:Amy Evans,,c11-bg
2020-10-07T12:51+0000,Vacancy - Sponsorship Delivery Manager,https://odileeds.org/blog/2020-10-07-vacancy-sponsorship-delivery-manager,pconnell:Paul Connell,,c12-bg
2020-10-09T16:30+0000,Project Cygnus - Starting with the Data,https://odileeds.org/blog/2020-10-09-project-cygnus-starting-with-the-data,plake:Patrick Lake,,c4-bg
2020-10-15T09:50+0000,Working towards a Radically Open Recovery,https://odileeds.org/blog/2020-10-15-working-towards-a-radically-open-recovery,aevans:Amy Evans,1;2;3;4;5;6;7;8;9;10;11;12;13;14;15;16;17;18;19;20,c11-bg
2020-11-03T17:09+0000,Helping those on Free School Meals during half-term,https://odileeds.org/blog/2020-11-03-helping-those-on-free-school-meals-during-half-term,slowe:Stuart Lowe,1;3;6;18,c6-bg
2020-11-05T17:29+0000,Project Cygnus - exploring energy efficiency in housing,https://odileeds.org/blog/2020-11-05-project-cygnus-exploring-energy-efficiency-in-housing,pconnell:Paul Connell;aevans:Amy Evans,1;2;3;6;5;9;11;13;14;16;18;17;19;20,c11-bg
2020-11-13T17:55+0000,"Project Cygnus - Old house, cold house?",https://odileeds.org/blog/2020-11-13-project-cygnus-old-house-cold-house-,aevans:Amy Evans;plake:Patrick Lake,1;2;3;6;5;9;11;13;14;16;18;17;19;20,c7-bg
2020-11-18T09:25+0000,Radically Open Recovery - next session confirmed,https://odileeds.org/blog/2020-11-18-radically-open-recovery-next-session-confirmed,aevans:Amy Evans,18,c11-bg
2020-11-19T16:57+0000,OpenDataSavesLives - more sessions and a new home,https://odileeds.org/blog/2020-11-19-opendatasaveslives-more-sessions-and-a-new-home,aevans:Amy Evans,18,c11-bg
2020-11-25T18:38+0000,Local Authority Covid-19 Dashboard,https://odileeds.org/blog/2020-11-25-local-authority-covid-19-dashboard,slowe:Stuart Lowe;plake:Patrick Lake,1;3;6;18,c5-bg
2020-11-27T14:45+0000,ODI Leeds' response to the National Data Strategy,https://odileeds.org/blog/2020-11-27-odi-leeds-response-to-the-national-data-strategy,tforth:Thomas Forth;pconnell:Paul Connell,1;2;3;6;5;9;11;13;14;16;18;17;19;20,c12-bg
2020-11-27T13:25+0000,Project Cygnus - Energy (under)Performance Certificates,https://odileeds.org/blog/2020-11-27-project-cygnus-energy-under-performance-certificates,aevans:Amy Evans;sschmidt:Susanne Schmidt;plake:Patrick Lake,1;2;3;6;5;9;11;13;14;16;18;17;19;20,c5-bg
2020-12-03T18:29+0000,Project Cygnus - I EPC what you did there,https://odileeds.org/blog/2020-12-03-project-cygnus-i-epc-what-you-did-there,plake:Patrick Lake;sschmidt:Susanne Schmidt,1;2;3;6;5;9;11;13;14;16;18;17;19;20,c3-bg
2020-12-15T14:12+0000,Privacy-first web analytics,https://odileeds.org/blog/2020-12-15-privacy-first-web-analytics,slowe:Stuart Lowe;gdring:Giles Dring,,c8-bg
2020-12-15T14:01+0000,Setting the stage for Information Datanomics,https://odileeds.org/blog/2020-12-15-setting-the-stage-for-information-datanomics,:Joss Sessions,,c14-bg
2020-12-18T10:02+0000,Can a diversity dashboard be made for Leeds?,https://odileeds.org/blog/2020-12-18-can-a-diversity-dashboard-be-made-for-leeds-,aevans:Amy Evans,11;1;2;3;6,c11-bg
2021-01-05T14:30+0000,EPC you later!,https://odileeds.org/blog/2021-01-05-epc-you-later-,plake:Patrick Lake;sschmidt:Susanne Schmidt,1;3;2;6,c3-bg
2021-01-08T15:15+0000,The ODI Leeds Dashboard - tracing everything we do,https://odileeds.org/blog/2021-01-08-the-odi-leeds-dashboard-tracing-everything-we-do,aevans:Amy Evans,,c11-bg
2021-01-13T14:50+0000,Open Data Saves Lives - Thinking out loud,https://odileeds.org/blog/2021-01-13--opendatasaveslives-thinking-out-loud,pconnell:Paul Connell,13;5;26;9;1;2;3;6;11;14;18;17,c12-bg
2021-01-15T10:20+0000,Announcing Northernlands 3 - Save the date!,https://odileeds.org/blog/2021-01-15-announcing-northernlands-3-save-the-date-,aevans:Amy Evans,1;2;3;5;6;9;11;13;14;16;17;18;19;20,c11-bg
2021-01-19T14:56+0000,Improving privacy in our web analytics,https://odileeds.org/blog/2021-01-19-improving-privacy-in-our-web-analytics,slowe:Stuart Lowe;gdring:Giles Dring,,c8-bg
2021-01-19T07:00+0000,Quantifying regional inequality.,https://odileeds.org/blog/2021-01-19-regionalinequalityandtheeu,tforth:Thomas Forth,,c13-bg
2021-01-22T16:02+0000,EPC - lessons learned,https://odileeds.org/blog/2021-01-22-epc-lessons-learned,sschmidt:Susanne Schmidt;plake:Patrick Lake,,c3-bg
2021-02-02T11:04+0000,Helping the vulnerable in society - a collaborative approach,https://odileeds.org/blog/2021-02-02-helping-the-vulnerable-in-society-a-collaborative-approach,:Steven Dacre,19;1;2;3;6,c14-bg
2021-02-05T16:24+0000,Northernlands 3 - Registration is open,https://odileeds.org/blog/2021-02-05-northernlands-3-registration-is-open,aevans:Amy Evans,1;2;3;5;6;9;11;13;14;16;17;18;19;20,c11-bg
2021-02-23T14:41+0000,Covid-19 Visualisations,https://odileeds.org/blog/2021-02-23-covid-visualisations,slowe:Stuart Lowe,,c6-bg
2021-02-23T16:00+0000,Introducing Live@ODILeeds,https://odileeds.org/blog/2021-02-23-introducing-live-odileeds,kconnell:Kathryn Connell,,c14-bg
2021-03-04T13:49+0000,Innovate UK funding data,https://odileeds.org/blog/2021-03-04-innovate-uk-funding,dbillingsley:Daniel Billingsley,,c13-bg
2021-03-30T14:21+0000,Northernlands3 - Showcasing Live@ODILeeds,https://odileeds.org/blog/2021-03-30-northernlands3-showcasing-live-odileeds,gdurkan:Grace Durkan,,c13-bg
2021-03-30T14:53+0000,Northernlands3 - A recap,https://odileeds.org/blog/2021-03-30-northernlands3,sschmidt:Susanne Schmidt,2,c2-bg
2021-04-01T09:17+0000,Reviewing the ODSL Goldacre Review Special,https://odileeds.org/blog/2021-04-01-reviewing-the-odsl-goldacre-review-special,sschmidt:Susanne Schmidt;kconnell:Kathryn Connell,,c8-bg
2021-04-21T12:28+0000,Let's chat about open data publishing,https://odileeds.org/blog/2021-04-21-let-s-chat-about-open-data-publishing,sschmidt:Susanne Schmidt;slowe:Stuart Lowe,,c4-bg
2021-04-26T23:00+0000,Open transport planning and booze.,https://odileeds.org/blog/2021-04-26-opentransportplanningandbooze,tforth:Thomas Forth,,c13-bg
2021-05-07T15:53+0000,A look inside our toolbox,https://odileeds.org/blog/2021-05-07-a-look-inside-our-toolbox,sschmidt:Susanne Schmidt,,c2-bg
2021-05-20T12:27+0000,ODI Leeds Themes - Why we do what we do,https://odileeds.org/blog/2021-05-20-ODILeeds-themes,sschmidt:Susanne Schmidt,,c2-bg
2021-05-28T08:00+0000,Council website emissions,https://odileeds.org/blog/2021-05-28-council-website-emissions,slowe:Stuart Lowe,1;3;6;2,c6-bg
2021-06-01T09:12+0000,ODI Leeds and UK Power Networks team up on Open Data,https://odileeds.org/blog/2021-06-01-odileeds-and-uk-power-networks-team-up-on-open-data,:Matt Webb;mbrook:Michelle Brook;sschmidt:Susanne Schmidt,,c8-bg
2021-06-08T17:00+0000,Transport accessibility in North England.,https://odileeds.org/blog/2021-06-08-transportaccessibilityinnorthengland,tforth:Thomas Forth,,c13-bg
2021-06-10T10:36+0000,Simple SVG linecharts,https://odileeds.org/blog/2021-06-10-simple-linecharts,slowe:Stuart Lowe,,c6-bg
2021-06-16T15:56+0000,University homepage carbon emissions,https://odileeds.org/blog/2021-06-16-university-homepage-carbon-emissions,slowe:Stuart Lowe,,c6-bg
2021-06-17T11:43+0000,Mapping the data landscape of the UK - what should be included?,https://odileeds.org/blog/2021-06-17-mapping-the-data-landscape-of-the-uk-what-should-be-included-,aevans:Amy Evans,,c11-bg
2021-06-23T12:32+0000,#PlanetData4 - Save the date!,https://odileeds.org/blog/2021-06-23-planetdata4-save-the-date-,mbrook:Michelle Brook,,c1-bg
2021-06-30T10:05+0000,Introducing PoweredUp,https://odileeds.org/blog/2021-06-30-introducing-poweredup,mbrook:Michelle Brook,,c1-bg
2021-06-30T13:37+0000,Summer Update from ODI Leeds,https://odileeds.org/blog/2021-06-30-summer-update-from-odi-leeds,gdurkan:Grace Durkan,1;2;3;5;6;9;10;11;13;14;16;17;18;19;20,c13-bg
2021-07-01T13:46+0000,Mapping the UK Data Landscape - Working Out Loud,https://odileeds.org/blog/2021-07-01-mapping-the-uk-data-landscape-working-out-loud,kconnell:Kathryn Connell,,c14-bg
2021-07-02T11:40+0000,The Coders Guild join us as a new sponsor,https://odileeds.org/blog/2021-07-02-the-coders-guild-join-us-as-a-new-sponsor,aevans:Amy Evans,,c11-bg
2021-07-06T16:28+0000,What is Storm Overflow EDM Data?,https://odileeds.org/blog/2021-07-06-what-is-storm-overflow-edm-data-,:Claire Green,11,c2-bg
2021-07-08T12:01+0000,Mental health data sharing in post-pandemic health systems,https://odileeds.org/blog/2021-07-08-mental-health-data-sharing,amorpeth:Ali Morpeth,13,c3-bg
2021-07-16T09:55+0000,GPDPR (GP Data Sharing) - Outcomes from Session 28 of ODSL,https://odileeds.org/blog/2021-07-16-gpdpr-gp-data-sharing-outcomes-from-session-28-of-open-data-saves-lives,amorpeth:Ali Morpeth,,c3-bg
2021-07-16T09:45+0000,Open Data triage: Deciding which data can be safely released,https://odileeds.org/blog/2021-07-16-open-data-triage-which-can-be-safely-released,gdring:Giles Dring:Matt Webb,,c24-bg
2021-07-29T09:00+0000,NHS Digitals mental health data - overview,https://odileeds.org/blog/2021-07-29-nhs-digitals-mental-health-data-overview,amorpeth:Ali Morpeth,18;13,c3-bg
2021-08-03T11:22+0000,"Leeds, glass recycling and #binnovation",https://odileeds.org/blog/2021-08-03-rob-greenland-explains-binnovation-in-leeds,:Rob Greenland,,c2-bg
2021-08-05T10:40+0000,Stepping into Heat Street - UK Power Networks Decarbonisation Futures,https://odileeds.org/blog/2021-08-05-UKPN-Heat-Street,sschmidt:Susanne Schmidt,,c2-bg
2021-08-10T10:20+0000,Making a splash with the RiverData - Wharfe Unconference,https://odileeds.org/blog/2021-08-10-making-a-splash-with-the-riverdata-wharfe-unconference,sschmidt:Susanne Schmidt,11,c2-bg
2021-08-10T21:00+0000,Open modelling of the benefits of transport investment.,https://odileeds.org/blog/2021-08-10-nprtobradford,tforth:Thomas Forth,,c13-bg
2021-08-17T12:35+0000,Listing UK Government Organisations,https://odileeds.org/blog/2021-08-17-listing-uk-government-organisations,slowe:Stuart Lowe;plake:Patrick Lake,,c5-bg
2021-09-01T10:00+0000,September Newsletter,https://odileeds.org/blog/2021-09-01-september-newsletter,gdurkan:Grace Durkan,,c13-bg
2021-09-02T09:02+0000,Data Ethics: A starting point,https://odileeds.org/blog/2021-09-02-data-ethics-a-starting-point,jcheung:Jennifer Cheung,,c11-bg
2021-09-07T09:11+0000,Data Ethics: Project Check In,https://odileeds.org/blog/2021-09-07-data-ethics-project-kick-off,:Louis Connell,,c14-bg
2021-09-07T11:25+0000,Evolution of ODI Leeds,https://odileeds.org/blog/2021-09-07-evolution-of-odi-leeds,kconnell:Kathryn Connell;pconnell:Paul Connell;tforth:Thomas Forth,1;2;3;5;6;9;11;13;14;16;17;18;19;20;21,c13-bg
2021-09-08T16:39+0000,COVID & Demographics in Yorkshire,https://odileeds.org/blog/2021-09-08-covid-demographics,slowe:Stuart Lowe;sschmidt:Susanne Schmidt;gdring:Giles Dring,,c6-bg
2021-09-10T09:15+0000,Announcing our data partnership with Leeds Digital Festival,https://odileeds.org/blog/2021-09-10-leeds-digital-festival-data-partners,gdring:Giles Dring,,c10-bg
